<?xml version="1.0" encoding="UTF-8"?>
<!DOCTYPE hibernate-mapping PUBLIC 
    "-//Hibernate/Hibernate Mapping DTD 3.0//EN"
    "http://www.hibernate.org/dtd/hibernate-mapping-3.0.dtd">
   <!-- 约束              配置表与实体对象的关系 -->
   <!-- package属性:填写一个包名.在元素内部凡是需要书写完整类名的属性,可以直接写简答类名了. -->
<hibernate-mapping package="domain" >
	<!-- 
		class元素: 配置实体与表的对应关系的
			name: 完整类名
			table:数据库表名
	 -->
	<class name="Yg" table="yg" >
		<!-- id元素:配置主键映射的属性
				name: 填写主键对应属性名
				column(可选): 填写表中的主键列名.默认值:列名会默认使用属性名
				type(可选):填写列(属性)的类型.hibernate会自动检测实体的属性类型.
						每个类型有三种填法: java类型|hibernate类型|数据库类型
				not-null(可选):配置该属性(列)是否不能为空. 默认值:false
				length(可选):配置数据库中列的长度. 默认值:使用数据库类型的最大长度
		 -->
		<id name="yg_id"  >
			<!-- generator:主键生成策略 ，就是每条记录录入时，主键的生成规则
				identity:由数据库来维护主键值
				sequence：Oracle
				uuid：类型为string
				native：Hilo+sequence+identity自动三选一
				assigned：
			
			-->
			<generator class="native"></generator>
		</id> 
		<!-- property元素:除id之外的普通属性映射
				name: 填写属性名
				column(可选): 填写列名
				type(可选):填写列(属性)的类型.hibernate会自动检测实体的属性类型.
						每个类型有三种填法: java类型|hibernate类型|数据库类型
				not-null(可选):配置该属性(列)是否不能为空. 默认值:false
				length(可选):配置数据库中列的长度. 默认值:使用数据库类型的最大长度
		 -->
		<property name="yg_name" column="yg_name" ></property>
		<property name="yg_password" column="yg_password" ></property>
		<property name="yg_sex" column="yg_sex" ></property>
		<property name="yg_age" column="yg_age" ></property>
		<property name="yg_position" column="yg_position" ></property>
		<property name="yg_eduction" column="yg_eduction" ></property>
		<property name="yg_email" column="yg_email" ></property>
		<property name="yg_address" column="yg_address" ></property>
		<property name="yg_gongzi" column="yg_gongzi" ></property>
		<property name="yg_time" column="yg_time" ></property>
		<property name="yg_jianli" column="yg_jianli" ></property>
		<property name="yg_photo" column="yg_photo" ></property>
	</class>
</hibernate-mapping>